"0","# gather all diagnostic codes from selected sources in long format dataframe"
"0","all_diagnostic_codes <-"
"0","  get_all_diagnostic_codes_multi("
"0","    function_list = list("
"0","      get_self_report_non_cancer_diagnoses_icd10,"
"0","      get_hes_icd9_diagnoses,"
"0","      get_hes_icd10_diagnoses,"
"0","      get_death_data_icd10_diagnoses"
"0","    ),"
"0","    ukb_pheno = pheno_data,"
"0","    data_dict = data_dict,"
"0","    ukb_codings = data.table::fread("
"0","      ""https://biobank.ctsu.ox.ac.uk/~bbdatan/Codings.tsv"","
"0","      colClasses = c('character'),"
"0","      sep = ""\t"","
"0","      quote = "" "","
"0","      na.strings = c("""", ""NA"")"
"0","    )"
"0","  )"
"2"," [0%] Downloaded 16384 bytes..."
"2"," [0%] Downloaded 32768 bytes..."
"2"," [0%] Downloaded 49152 bytes..."
"2"," [0%] Downloaded 65536 bytes..."
"2"," [0%] Downloaded 81920 bytes..."
"2"," [0%] Downloaded 98304 bytes..."
"2"," [0%] Downloaded 114688 bytes..."
"2"," [0%] Downloaded 131072 bytes..."
"2"," [0%] Downloaded 147456 bytes..."
"2"," [0%] Downloaded 163840 bytes..."
"2"," [0%] Downloaded 180224 bytes..."
"2"," [0%] Downloaded 196608 bytes..."
"2"," [1%] Downloaded 212992 bytes..."
"2"," [1%] Downloaded 229376 bytes..."
"2"," [1%] Downloaded 245760 bytes..."
"2"," [1%] Downloaded 262144 bytes..."
"2"," [1%] Downloaded 278528 bytes..."
"2"," [1%] Downloaded 294912 bytes..."
"2"," [1%] Downloaded 311296 bytes..."
"2"," [1%] Downloaded 327680 bytes..."
"2"," [1%] Downloaded 344064 bytes..."
"2"," [1%] Downloaded 360448 bytes..."
"2"," [1%] Downloaded 376832 bytes..."
"2"," [1%] Downloaded 393216 bytes..."
"2"," [1%] Downloaded 409600 bytes..."
"2"," [2%] Downloaded 425984 bytes..."
"2"," [2%] Downloaded 442368 bytes..."
"2"," [2%] Downloaded 458752 bytes..."
"2"," [2%] Downloaded 475136 bytes..."
"2"," [2%] Downloaded 491520 bytes..."
"2"," [2%] Downloaded 507904 bytes..."
"2"," [2%] Downloaded 524288 bytes..."
"2"," [2%] Downloaded 540672 bytes..."
"2"," [2%] Downloaded 557056 bytes..."
"2"," [2%] Downloaded 573440 bytes..."
"2"," [2%] Downloaded 589824 bytes..."
"2"," [2%] Downloaded 606208 bytes..."
"2"," [2%] Downloaded 622592 bytes..."
"2"," [3%] Downloaded 638976 bytes..."
"2"," [3%] Downloaded 655360 bytes..."
"2"," [3%] Downloaded 671744 bytes..."
"2"," [3%] Downloaded 688128 bytes..."
"2"," [3%] Downloaded 704512 bytes..."
"2"," [3%] Downloaded 720896 bytes..."
"2"," [3%] Downloaded 737280 bytes..."
"2"," [3%] Downloaded 753664 bytes..."
"2"," [3%] Downloaded 770048 bytes..."
"2"," [3%] Downloaded 786432 bytes..."
"2"," [3%] Downloaded 802816 bytes..."
"2"," [3%] Downloaded 819200 bytes..."
"2"," [3%] Downloaded 835584 bytes..."
"2"," [4%] Downloaded 851968 bytes..."
"2"," [4%] Downloaded 868352 bytes..."
"2"," [4%] Downloaded 884736 bytes..."
"2"," [4%] Downloaded 901120 bytes..."
"2"," [4%] Downloaded 917504 bytes..."
"2"," [4%] Downloaded 933888 bytes..."
"2"," [4%] Downloaded 950272 bytes..."
"2"," [4%] Downloaded 966656 bytes..."
"2"," [4%] Downloaded 983040 bytes..."
"2"," [4%] Downloaded 999424 bytes..."
"2"," [4%] Downloaded 1015808 bytes..."
"2"," [4%] Downloaded 1032192 bytes..."
"2"," [5%] Downloaded 1048576 bytes..."
"2"," [5%] Downloaded 1064960 bytes..."
"2"," [5%] Downloaded 1081344 bytes..."
"2"," [5%] Downloaded 1097728 bytes..."
"2"," [5%] Downloaded 1114112 bytes..."
"2"," [5%] Downloaded 1130496 bytes..."
"2"," [5%] Downloaded 1146880 bytes..."
"2"," [5%] Downloaded 1163264 bytes..."
"2"," [5%] Downloaded 1179648 bytes..."
"2"," [5%] Downloaded 1196032 bytes..."
"2"," [5%] Downloaded 1212416 bytes..."
"2"," [5%] Downloaded 1228800 bytes..."
"2"," [5%] Downloaded 1245184 bytes..."
"2"," [6%] Downloaded 1261568 bytes..."
"2"," [6%] Downloaded 1277952 bytes..."
"2"," [6%] Downloaded 1294336 bytes..."
"2"," [6%] Downloaded 1310720 bytes..."
"2"," [6%] Downloaded 1327104 bytes..."
"2"," [6%] Downloaded 1343488 bytes..."
"2"," [6%] Downloaded 1359872 bytes..."
"2"," [6%] Downloaded 1376256 bytes..."
"2"," [6%] Downloaded 1392640 bytes..."
"2"," [6%] Downloaded 1409024 bytes..."
"2"," [6%] Downloaded 1425408 bytes..."
"2"," [6%] Downloaded 1441792 bytes..."
"2"," [6%] Downloaded 1458176 bytes..."
"2"," [7%] Downloaded 1474560 bytes..."
"2"," [7%] Downloaded 1490944 bytes..."
"2"," [7%] Downloaded 1507328 bytes..."
"2"," [7%] Downloaded 1523712 bytes..."
"2"," [7%] Downloaded 1540096 bytes..."
"2"," [7%] Downloaded 1556480 bytes..."
"2"," [7%] Downloaded 1572864 bytes..."
"2"," [7%] Downloaded 1589248 bytes..."
"2"," [7%] Downloaded 1605632 bytes..."
"2"," [7%] Downloaded 1622016 bytes..."
"2"," [7%] Downloaded 1638400 bytes..."
"2"," [7%] Downloaded 1654784 bytes..."
"2"," [7%] Downloaded 1671168 bytes..."
"2"," [8%] Downloaded 1687552 bytes..."
"2"," [8%] Downloaded 1703936 bytes..."
"2"," [8%] Downloaded 1720320 bytes..."
"2"," [8%] Downloaded 1736704 bytes..."
"2"," [8%] Downloaded 1753088 bytes..."
"2"," [8%] Downloaded 1769472 bytes..."
"2"," [8%] Downloaded 1785856 bytes..."
"2"," [8%] Downloaded 1802240 bytes..."
"2"," [8%] Downloaded 1818624 bytes..."
"2"," [8%] Downloaded 1835008 bytes..."
"2"," [8%] Downloaded 1851392 bytes..."
"2"," [8%] Downloaded 1867776 bytes..."
"2"," [9%] Downloaded 1884160 bytes..."
"2"," [9%] Downloaded 1900544 bytes..."
"2"," [9%] Downloaded 1916928 bytes..."
"2"," [9%] Downloaded 1933312 bytes..."
"2"," [9%] Downloaded 1949696 bytes..."
"2"," [9%] Downloaded 1966080 bytes..."
"2"," [9%] Downloaded 1982464 bytes..."
"2"," [9%] Downloaded 1998848 bytes..."
"2"," [9%] Downloaded 2015232 bytes..."
"2"," [9%] Downloaded 2031616 bytes..."
"2"," [9%] Downloaded 2048000 bytes..."
"2"," [9%] Downloaded 2064384 bytes..."
"2"," [9%] Downloaded 2080768 bytes..."
"2"," [10%] Downloaded 2097152 bytes..."
"2"," [10%] Downloaded 2113536 bytes..."
"2"," [10%] Downloaded 2129920 bytes..."
"2"," [10%] Downloaded 2146304 bytes..."
"2"," [10%] Downloaded 2162688 bytes..."
"2"," [10%] Downloaded 2179072 bytes..."
"2"," [10%] Downloaded 2195456 bytes..."
"2"," [10%] Downloaded 2211840 bytes..."
"2"," [10%] Downloaded 2228224 bytes..."
"2"," [10%] Downloaded 2244608 bytes..."
"2"," [10%] Downloaded 2260992 bytes..."
"2"," [10%] Downloaded 2277376 bytes..."
"2"," [10%] Downloaded 2293760 bytes..."
"2"," [11%] Downloaded 2310144 bytes..."
"2"," [11%] Downloaded 2326528 bytes..."
"2"," [11%] Downloaded 2342912 bytes..."
"2"," [11%] Downloaded 2359296 bytes..."
"2"," [11%] Downloaded 2375680 bytes..."
"2"," [11%] Downloaded 2392064 bytes..."
"2"," [11%] Downloaded 2408448 bytes..."
"2"," [11%] Downloaded 2424832 bytes..."
"2"," [11%] Downloaded 2441216 bytes..."
"2"," [11%] Downloaded 2457600 bytes..."
"2"," [11%] Downloaded 2473984 bytes..."
"2"," [11%] Downloaded 2490368 bytes..."
"2"," [11%] Downloaded 2506752 bytes..."
"2"," [12%] Downloaded 2523136 bytes..."
"2"," [12%] Downloaded 2539520 bytes..."
"2"," [12%] Downloaded 2555904 bytes..."
"2"," [12%] Downloaded 2572288 bytes..."
"2"," [12%] Downloaded 2588672 bytes..."
"2"," [12%] Downloaded 2605056 bytes..."
"2"," [12%] Downloaded 2621440 bytes..."
"2"," [12%] Downloaded 2637824 bytes..."
"2"," [12%] Downloaded 2654208 bytes..."
"2"," [12%] Downloaded 2670592 bytes..."
"2"," [12%] Downloaded 2686976 bytes..."
"2"," [12%] Downloaded 2703360 bytes..."
"2"," [12%] Downloaded 2719744 bytes..."
"2"," [13%] Downloaded 2736128 bytes..."
"2"," [13%] Downloaded 2752512 bytes..."
"2"," [13%] Downloaded 2768896 bytes..."
"2"," [13%] Downloaded 2785280 bytes..."
"2"," [13%] Downloaded 2801664 bytes..."
"2"," [13%] Downloaded 2818048 bytes..."
"2"," [13%] Downloaded 2834432 bytes..."
"2"," [13%] Downloaded 2850816 bytes..."
"2"," [13%] Downloaded 2867200 bytes..."
"2"," [13%] Downloaded 2883584 bytes..."
"2"," [13%] Downloaded 2899968 bytes..."
"2"," [13%] Downloaded 2916352 bytes..."
"2"," [14%] Downloaded 2932736 bytes..."
"2"," [14%] Downloaded 2949120 bytes..."
"2"," [14%] Downloaded 2965504 bytes..."
"2"," [14%] Downloaded 2981888 bytes..."
"2"," [14%] Downloaded 2998272 bytes..."
"2"," [14%] Downloaded 3014656 bytes..."
"2"," [14%] Downloaded 3031040 bytes..."
"2"," [14%] Downloaded 3047424 bytes..."
"2"," [14%] Downloaded 3063808 bytes..."
"2"," [14%] Downloaded 3080192 bytes..."
"2"," [14%] Downloaded 3096576 bytes..."
"2"," [14%] Downloaded 3112960 bytes..."
"2"," [14%] Downloaded 3129344 bytes..."
"2"," [15%] Downloaded 3145728 bytes..."
"2"," [15%] Downloaded 3162112 bytes..."
"2"," [15%] Downloaded 3178496 bytes..."
"2"," [15%] Downloaded 3194880 bytes..."
"2"," [15%] Downloaded 3211264 bytes..."
"2"," [15%] Downloaded 3227648 bytes..."
"2"," [15%] Downloaded 3244032 bytes..."
"2"," [15%] Downloaded 3260416 bytes..."
"2"," [15%] Downloaded 3276800 bytes..."
"2"," [15%] Downloaded 3293184 bytes..."
"2"," [15%] Downloaded 3309568 bytes..."
"2"," [15%] Downloaded 3325952 bytes..."
"2"," [15%] Downloaded 3342336 bytes..."
"2"," [16%] Downloaded 3358720 bytes..."
"2"," [16%] Downloaded 3375104 bytes..."
"2"," [16%] Downloaded 3391488 bytes..."
"2"," [16%] Downloaded 3407872 bytes..."
"2"," [16%] Downloaded 3424256 bytes..."
"2"," [16%] Downloaded 3440640 bytes..."
"2"," [16%] Downloaded 3457024 bytes..."
"2"," [16%] Downloaded 3473408 bytes..."
"2"," [16%] Downloaded 3489792 bytes..."
"2"," [16%] Downloaded 3506176 bytes..."
"2"," [16%] Downloaded 3522560 bytes..."
"2"," [16%] Downloaded 3538944 bytes..."
"2"," [16%] Downloaded 3555328 bytes..."
"2"," [17%] Downloaded 3571712 bytes..."
"2"," [17%] Downloaded 3588096 bytes..."
"2"," [17%] Downloaded 3604480 bytes..."
"2"," [17%] Downloaded 3620864 bytes..."
"2"," [17%] Downloaded 3637248 bytes..."
"2"," [17%] Downloaded 3653632 bytes..."
"2"," [17%] Downloaded 3670016 bytes..."
"2"," [17%] Downloaded 3686400 bytes..."
"2"," [17%] Downloaded 3702784 bytes..."
"2"," [17%] Downloaded 3719168 bytes..."
"2"," [17%] Downloaded 3735552 bytes..."
"2"," [17%] Downloaded 3751936 bytes..."
"2"," [18%] Downloaded 3768320 bytes..."
"2"," [18%] Downloaded 3784704 bytes..."
"2"," [18%] Downloaded 3801088 bytes..."
"2"," [18%] Downloaded 3817472 bytes..."
"2"," [18%] Downloaded 3833856 bytes..."
"2"," [18%] Downloaded 3850240 bytes..."
"2"," [18%] Downloaded 3866624 bytes..."
"2"," [18%] Downloaded 3883008 bytes..."
"2"," [18%] Downloaded 3899392 bytes..."
"2"," [18%] Downloaded 3915776 bytes..."
"2"," [18%] Downloaded 3932160 bytes..."
"2"," [18%] Downloaded 3948544 bytes..."
"2"," [18%] Downloaded 3964928 bytes..."
"2"," [19%] Downloaded 3981312 bytes..."
"2"," [19%] Downloaded 3997696 bytes..."
"2"," [19%] Downloaded 4014080 bytes..."
"2"," [19%] Downloaded 4030464 bytes..."
"2"," [19%] Downloaded 4046848 bytes..."
"2"," [19%] Downloaded 4063232 bytes..."
"2"," [19%] Downloaded 4079616 bytes..."
"2"," [19%] Downloaded 4096000 bytes..."
"2"," [19%] Downloaded 4112384 bytes..."
"2"," [19%] Downloaded 4128768 bytes..."
"2"," [19%] Downloaded 4145152 bytes..."
"2"," [19%] Downloaded 4161536 bytes..."
"2"," [19%] Downloaded 4177920 bytes..."
"2"," [20%] Downloaded 4194304 bytes..."
"2"," [20%] Downloaded 4210688 bytes..."
"2"," [20%] Downloaded 4227072 bytes..."
"2"," [20%] Downloaded 4243456 bytes..."
"2"," [20%] Downloaded 4259840 bytes..."
"2"," [20%] Downloaded 4276224 bytes..."
"2"," [20%] Downloaded 4292608 bytes..."
"2"," [20%] Downloaded 4308992 bytes..."
"2"," [20%] Downloaded 4325376 bytes..."
"2"," [20%] Downloaded 4341760 bytes..."
"2"," [20%] Downloaded 4358144 bytes..."
"2"," [20%] Downloaded 4374528 bytes..."
"2"," [20%] Downloaded 4390912 bytes..."
"2"," [21%] Downloaded 4407296 bytes..."
"2"," [21%] Downloaded 4423680 bytes..."
"2"," [21%] Downloaded 4440064 bytes..."
"2"," [21%] Downloaded 4456448 bytes..."
"2"," [21%] Downloaded 4472832 bytes..."
"2"," [21%] Downloaded 4489216 bytes..."
"2"," [21%] Downloaded 4505600 bytes..."
"2"," [21%] Downloaded 4521984 bytes..."
"2"," [21%] Downloaded 4538368 bytes..."
"2"," [21%] Downloaded 4554752 bytes..."
"2"," [21%] Downloaded 4571136 bytes..."
"2"," [21%] Downloaded 4587520 bytes..."
"2"," [21%] Downloaded 4603904 bytes..."
"2"," [22%] Downloaded 4620288 bytes..."
"2"," [22%] Downloaded 4636672 bytes..."
"2"," [22%] Downloaded 4653056 bytes..."
"2"," [22%] Downloaded 4669440 bytes..."
"2"," [22%] Downloaded 4685824 bytes..."
"2"," [22%] Downloaded 4702208 bytes..."
"2"," [22%] Downloaded 4718592 bytes..."
"2"," [22%] Downloaded 4734976 bytes..."
"2"," [22%] Downloaded 4751360 bytes..."
"2"," [22%] Downloaded 4767744 bytes..."
"2"," [22%] Downloaded 4784128 bytes..."
"2"," [22%] Downloaded 4800512 bytes..."
"2"," [23%] Downloaded 4816896 bytes..."
"2"," [23%] Downloaded 4833280 bytes..."
"2"," [23%] Downloaded 4849664 bytes..."
"2"," [23%] Downloaded 4866048 bytes..."
"2"," [23%] Downloaded 4882432 bytes..."
"2"," [23%] Downloaded 4898816 bytes..."
"2"," [23%] Downloaded 4915200 bytes..."
"2"," [23%] Downloaded 4931584 bytes..."
"2"," [23%] Downloaded 4947968 bytes..."
"2"," [23%] Downloaded 4964352 bytes..."
"2"," [23%] Downloaded 4980736 bytes..."
"2"," [23%] Downloaded 4997120 bytes..."
"2"," [23%] Downloaded 5013504 bytes..."
"2"," [24%] Downloaded 5029888 bytes..."
"2"," [24%] Downloaded 5046272 bytes..."
"2"," [24%] Downloaded 5062656 bytes..."
"2"," [24%] Downloaded 5079040 bytes..."
"2"," [24%] Downloaded 5095424 bytes..."
"2"," [24%] Downloaded 5111808 bytes..."
"2"," [24%] Downloaded 5128192 bytes..."
"2"," [24%] Downloaded 5144576 bytes..."
"2"," [24%] Downloaded 5160960 bytes..."
"2"," [24%] Downloaded 5177344 bytes..."
"2"," [24%] Downloaded 5193728 bytes..."
"2"," [24%] Downloaded 5210112 bytes..."
"2"," [24%] Downloaded 5226496 bytes..."
"2"," [25%] Downloaded 5242880 bytes..."
"2"," [25%] Downloaded 5259264 bytes..."
"2"," [25%] Downloaded 5275648 bytes..."
"2"," [25%] Downloaded 5292032 bytes..."
"2"," [25%] Downloaded 5308416 bytes..."
"2"," [25%] Downloaded 5324800 bytes..."
"2"," [25%] Downloaded 5341184 bytes..."
"2"," [25%] Downloaded 5357568 bytes..."
"2"," [25%] Downloaded 5373952 bytes..."
"2"," [25%] Downloaded 5390336 bytes..."
"2"," [25%] Downloaded 5406720 bytes..."
"2"," [25%] Downloaded 5423104 bytes..."
"2"," [25%] Downloaded 5439488 bytes..."
"2"," [26%] Downloaded 5455872 bytes..."
"2"," [26%] Downloaded 5472256 bytes..."
"2"," [26%] Downloaded 5488640 bytes..."
"2"," [26%] Downloaded 5505024 bytes..."
"2"," [26%] Downloaded 5521408 bytes..."
"2"," [26%] Downloaded 5537792 bytes..."
"2"," [26%] Downloaded 5554176 bytes..."
"2"," [26%] Downloaded 5570560 bytes..."
"2"," [26%] Downloaded 5586944 bytes..."
"2"," [26%] Downloaded 5603328 bytes..."
"2"," [26%] Downloaded 5619712 bytes..."
"2"," [26%] Downloaded 5636096 bytes..."
"2"," [27%] Downloaded 5652480 bytes..."
"2"," [27%] Downloaded 5668864 bytes..."
"2"," [27%] Downloaded 5685248 bytes..."
"2"," [27%] Downloaded 5701632 bytes..."
"2"," [27%] Downloaded 5718016 bytes..."
"2"," [27%] Downloaded 5734400 bytes..."
"2"," [27%] Downloaded 5750784 bytes..."
"2"," [27%] Downloaded 5767168 bytes..."
"2"," [27%] Downloaded 5783552 bytes..."
"2"," [27%] Downloaded 5799936 bytes..."
"2"," [27%] Downloaded 5816320 bytes..."
"2"," [27%] Downloaded 5832704 bytes..."
"2"," [27%] Downloaded 5849088 bytes..."
"2"," [28%] Downloaded 5865472 bytes..."
"2"," [28%] Downloaded 5881856 bytes..."
"2"," [28%] Downloaded 5898240 bytes..."
"2"," [28%] Downloaded 5914624 bytes..."
"2"," [28%] Downloaded 5931008 bytes..."
"2"," [28%] Downloaded 5947392 bytes..."
"2"," [28%] Downloaded 5963776 bytes..."
"2"," [28%] Downloaded 5980160 bytes..."
"2"," [28%] Downloaded 5996544 bytes..."
"2"," [28%] Downloaded 6012928 bytes..."
"2"," [28%] Downloaded 6029312 bytes..."
"2"," [28%] Downloaded 6045696 bytes..."
"2"," [28%] Downloaded 6062080 bytes..."
"2"," [29%] Downloaded 6078464 bytes..."
"2"," [29%] Downloaded 6094848 bytes..."
"2"," [29%] Downloaded 6111232 bytes..."
"2"," [29%] Downloaded 6127616 bytes..."
"2"," [29%] Downloaded 6144000 bytes..."
"2"," [29%] Downloaded 6160384 bytes..."
"2"," [29%] Downloaded 6176768 bytes..."
"2"," [29%] Downloaded 6193152 bytes..."
"2"," [29%] Downloaded 6209536 bytes..."
"2"," [29%] Downloaded 6225920 bytes..."
"2"," [29%] Downloaded 6242304 bytes..."
"2"," [29%] Downloaded 6258688 bytes..."
"2"," [29%] Downloaded 6275072 bytes..."
"2"," [30%] Downloaded 6291456 bytes..."
"2"," [30%] Downloaded 6307840 bytes..."
"2"," [30%] Downloaded 6324224 bytes..."
"2"," [30%] Downloaded 6340608 bytes..."
"2"," [30%] Downloaded 6356992 bytes..."
"2"," [30%] Downloaded 6373376 bytes..."
"2"," [30%] Downloaded 6389760 bytes..."
"2"," [30%] Downloaded 6406144 bytes..."
"2"," [30%] Downloaded 6422528 bytes..."
"2"," [30%] Downloaded 6438912 bytes..."
"2"," [30%] Downloaded 6455296 bytes..."
"2"," [30%] Downloaded 6471680 bytes..."
"2"," [30%] Downloaded 6488064 bytes..."
"2"," [31%] Downloaded 6504448 bytes..."
"2"," [31%] Downloaded 6520832 bytes..."
"2"," [31%] Downloaded 6537216 bytes..."
"2"," [31%] Downloaded 6553600 bytes..."
"2"," [31%] Downloaded 6569984 bytes..."
"2"," [31%] Downloaded 6586368 bytes..."
"2"," [31%] Downloaded 6602752 bytes..."
"2"," [31%] Downloaded 6619136 bytes..."
"2"," [31%] Downloaded 6635520 bytes..."
"2"," [31%] Downloaded 6651904 bytes..."
"2"," [31%] Downloaded 6668288 bytes..."
"2"," [31%] Downloaded 6684672 bytes..."
"2"," [32%] Downloaded 6701056 bytes..."
"2"," [32%] Downloaded 6717440 bytes..."
"2"," [32%] Downloaded 6733824 bytes..."
"2"," [32%] Downloaded 6750208 bytes..."
"2"," [32%] Downloaded 6766592 bytes..."
"2"," [32%] Downloaded 6782976 bytes..."
"2"," [32%] Downloaded 6799360 bytes..."
"2"," [32%] Downloaded 6815744 bytes..."
"2"," [32%] Downloaded 6832128 bytes..."
"2"," [32%] Downloaded 6848512 bytes..."
"2"," [32%] Downloaded 6864896 bytes..."
"2"," [32%] Downloaded 6881280 bytes..."
"2"," [32%] Downloaded 6897664 bytes..."
"2"," [33%] Downloaded 6914048 bytes..."
"2"," [33%] Downloaded 6930432 bytes..."
"2"," [33%] Downloaded 6946816 bytes..."
"2"," [33%] Downloaded 6963200 bytes..."
"2"," [33%] Downloaded 6979584 bytes..."
"2"," [33%] Downloaded 6995968 bytes..."
"2"," [33%] Downloaded 7012352 bytes..."
"2"," [33%] Downloaded 7028736 bytes..."
"2"," [33%] Downloaded 7045120 bytes..."
"2"," [33%] Downloaded 7061504 bytes..."
"2"," [33%] Downloaded 7077888 bytes..."
"2"," [33%] Downloaded 7094272 bytes..."
"2"," [33%] Downloaded 7110656 bytes..."
"2"," [34%] Downloaded 7127040 bytes..."
"2"," [34%] Downloaded 7143424 bytes..."
"2"," [34%] Downloaded 7159808 bytes..."
"2"," [34%] Downloaded 7176192 bytes..."
"2"," [34%] Downloaded 7192576 bytes..."
"2"," [34%] Downloaded 7208960 bytes..."
"2"," [34%] Downloaded 7225344 bytes..."
"2"," [34%] Downloaded 7241728 bytes..."
"2"," [34%] Downloaded 7258112 bytes..."
"2"," [34%] Downloaded 7274496 bytes..."
"2"," [34%] Downloaded 7290880 bytes..."
"2"," [34%] Downloaded 7307264 bytes..."
"2"," [34%] Downloaded 7323648 bytes..."
"2"," [35%] Downloaded 7340032 bytes..."
"2"," [35%] Downloaded 7356416 bytes..."
"2"," [35%] Downloaded 7372800 bytes..."
"2"," [35%] Downloaded 7389184 bytes..."
"2"," [35%] Downloaded 7405568 bytes..."
"2"," [35%] Downloaded 7421952 bytes..."
"2"," [35%] Downloaded 7438336 bytes..."
"2"," [35%] Downloaded 7454720 bytes..."
"2"," [35%] Downloaded 7471104 bytes..."
"2"," [35%] Downloaded 7487488 bytes..."
"2"," [35%] Downloaded 7503872 bytes..."
"2"," [35%] Downloaded 7520256 bytes..."
"2"," [36%] Downloaded 7536640 bytes..."
"2"," [36%] Downloaded 7553024 bytes..."
"2"," [36%] Downloaded 7569408 bytes..."
"2"," [36%] Downloaded 7585792 bytes..."
"2"," [36%] Downloaded 7602176 bytes..."
"2"," [36%] Downloaded 7618560 bytes..."
"2"," [36%] Downloaded 7634944 bytes..."
"2"," [36%] Downloaded 7651328 bytes..."
"2"," [36%] Downloaded 7667712 bytes..."
"2"," [36%] Downloaded 7684096 bytes..."
"2"," [36%] Downloaded 7700480 bytes..."
"2"," [36%] Downloaded 7716864 bytes..."
"2"," [36%] Downloaded 7733248 bytes..."
"2"," [37%] Downloaded 7749632 bytes..."
"2"," [37%] Downloaded 7766016 bytes..."
"2"," [37%] Downloaded 7782400 bytes..."
"2"," [37%] Downloaded 7798784 bytes..."
"2"," [37%] Downloaded 7815168 bytes..."
"2"," [37%] Downloaded 7831552 bytes..."
"2"," [37%] Downloaded 7847936 bytes..."
"2"," [37%] Downloaded 7864320 bytes..."
"2"," [37%] Downloaded 7880704 bytes..."
"2"," [37%] Downloaded 7897088 bytes..."
"2"," [37%] Downloaded 7913472 bytes..."
"2"," [37%] Downloaded 7929856 bytes..."
"2"," [37%] Downloaded 7946240 bytes..."
"2"," [38%] Downloaded 7962624 bytes..."
"2"," [38%] Downloaded 7979008 bytes..."
"2"," [38%] Downloaded 7995392 bytes..."
"2"," [38%] Downloaded 8011776 bytes..."
"2"," [38%] Downloaded 8028160 bytes..."
"2"," [38%] Downloaded 8044544 bytes..."
"2"," [38%] Downloaded 8060928 bytes..."
"2"," [38%] Downloaded 8077312 bytes..."
"2"," [38%] Downloaded 8093696 bytes..."
"2"," [38%] Downloaded 8110080 bytes..."
"2"," [38%] Downloaded 8126464 bytes..."
"2"," [38%] Downloaded 8142848 bytes..."
"2"," [38%] Downloaded 8159232 bytes..."
"2"," [39%] Downloaded 8175616 bytes..."
"2"," [39%] Downloaded 8192000 bytes..."
"2"," [39%] Downloaded 8208384 bytes..."
"2"," [39%] Downloaded 8224768 bytes..."
"2"," [39%] Downloaded 8241152 bytes..."
"2"," [39%] Downloaded 8257536 bytes..."
"2"," [39%] Downloaded 8273920 bytes..."
"2"," [39%] Downloaded 8290304 bytes..."
"2"," [39%] Downloaded 8306688 bytes..."
"2"," [39%] Downloaded 8323072 bytes..."
"2"," [39%] Downloaded 8339456 bytes..."
"2"," [39%] Downloaded 8355840 bytes..."
"2"," [40%] Downloaded 8372224 bytes..."
"2"," [40%] Downloaded 8388608 bytes..."
"2"," [40%] Downloaded 8404992 bytes..."
"2"," [40%] Downloaded 8421376 bytes..."
"2"," [40%] Downloaded 8437760 bytes..."
"2"," [40%] Downloaded 8454144 bytes..."
"2"," [40%] Downloaded 8470528 bytes..."
"2"," [40%] Downloaded 8486912 bytes..."
"2"," [40%] Downloaded 8503296 bytes..."
"2"," [40%] Downloaded 8519680 bytes..."
"2"," [40%] Downloaded 8536064 bytes..."
"2"," [40%] Downloaded 8552448 bytes..."
"2"," [40%] Downloaded 8568832 bytes..."
"2"," [41%] Downloaded 8585216 bytes..."
"2"," [41%] Downloaded 8601600 bytes..."
"2"," [41%] Downloaded 8617984 bytes..."
"2"," [41%] Downloaded 8634368 bytes..."
"2"," [41%] Downloaded 8650752 bytes..."
"2"," [41%] Downloaded 8667136 bytes..."
"2"," [41%] Downloaded 8683520 bytes..."
"2"," [41%] Downloaded 8699904 bytes..."
"2"," [41%] Downloaded 8716288 bytes..."
"2"," [41%] Downloaded 8732672 bytes..."
"2"," [41%] Downloaded 8749056 bytes..."
"2"," [41%] Downloaded 8765440 bytes..."
"2"," [41%] Downloaded 8781824 bytes..."
"2"," [42%] Downloaded 8798208 bytes..."
"2"," [42%] Downloaded 8814592 bytes..."
"2"," [42%] Downloaded 8830976 bytes..."
"2"," [42%] Downloaded 8847360 bytes..."
"2"," [42%] Downloaded 8863744 bytes..."
"2"," [42%] Downloaded 8880128 bytes..."
"2"," [42%] Downloaded 8896512 bytes..."
"2"," [42%] Downloaded 8912896 bytes..."
"2"," [42%] Downloaded 8929280 bytes..."
"2"," [42%] Downloaded 8945664 bytes..."
"2"," [42%] Downloaded 8962048 bytes..."
"2"," [42%] Downloaded 8978432 bytes..."
"2"," [42%] Downloaded 8994816 bytes..."
"2"," [43%] Downloaded 9011200 bytes..."
"2"," [43%] Downloaded 9027584 bytes..."
"2"," [43%] Downloaded 9043968 bytes..."
"2"," [43%] Downloaded 9060352 bytes..."
"2"," [43%] Downloaded 9076736 bytes..."
"2"," [43%] Downloaded 9093120 bytes..."
"2"," [43%] Downloaded 9109504 bytes..."
"2"," [43%] Downloaded 9125888 bytes..."
"2"," [43%] Downloaded 9142272 bytes..."
"2"," [43%] Downloaded 9158656 bytes..."
"2"," [43%] Downloaded 9175040 bytes..."
"2"," [43%] Downloaded 9191424 bytes..."
"2"," [43%] Downloaded 9207808 bytes..."
"2"," [44%] Downloaded 9224192 bytes..."
"2"," [44%] Downloaded 9240576 bytes..."
"2"," [44%] Downloaded 9256960 bytes..."
"2"," [44%] Downloaded 9273344 bytes..."
"2"," [44%] Downloaded 9289728 bytes..."
"2"," [44%] Downloaded 9306112 bytes..."
"2"," [44%] Downloaded 9322496 bytes..."
"2"," [44%] Downloaded 9338880 bytes..."
"2"," [44%] Downloaded 9355264 bytes..."
"2"," [44%] Downloaded 9371648 bytes..."
"2"," [44%] Downloaded 9388032 bytes..."
"2"," [44%] Downloaded 9404416 bytes..."
"2"," [45%] Downloaded 9420800 bytes..."
"2"," [45%] Downloaded 9437184 bytes..."
"2"," [45%] Downloaded 9453568 bytes..."
"2"," [45%] Downloaded 9469952 bytes..."
"2"," [45%] Downloaded 9486336 bytes..."
"2"," [45%] Downloaded 9502720 bytes..."
"2"," [45%] Downloaded 9519104 bytes..."
"2"," [45%] Downloaded 9535488 bytes..."
"2"," [45%] Downloaded 9551872 bytes..."
"2"," [45%] Downloaded 9568256 bytes..."
"2"," [45%] Downloaded 9584640 bytes..."
"2"," [45%] Downloaded 9601024 bytes..."
"2"," [45%] Downloaded 9617408 bytes..."
"2"," [46%] Downloaded 9633792 bytes..."
"2"," [46%] Downloaded 9650176 bytes..."
"2"," [46%] Downloaded 9666560 bytes..."
"2"," [46%] Downloaded 9682944 bytes..."
"2"," [46%] Downloaded 9699328 bytes..."
"2"," [46%] Downloaded 9715712 bytes..."
"2"," [46%] Downloaded 9732096 bytes..."
"2"," [46%] Downloaded 9748480 bytes..."
"2"," [46%] Downloaded 9764864 bytes..."
"2"," [46%] Downloaded 9781248 bytes..."
"2"," [46%] Downloaded 9797632 bytes..."
"2"," [46%] Downloaded 9814016 bytes..."
"2"," [46%] Downloaded 9830400 bytes..."
"2"," [47%] Downloaded 9846784 bytes..."
"2"," [47%] Downloaded 9863168 bytes..."
"2"," [47%] Downloaded 9879552 bytes..."
"2"," [47%] Downloaded 9895936 bytes..."
"2"," [47%] Downloaded 9912320 bytes..."
"2"," [47%] Downloaded 9928704 bytes..."
"2"," [47%] Downloaded 9945088 bytes..."
"2"," [47%] Downloaded 9961472 bytes..."
"2"," [47%] Downloaded 9977856 bytes..."
"2"," [47%] Downloaded 9994240 bytes..."
"2"," [47%] Downloaded 10010624 bytes..."
"2"," [47%] Downloaded 10027008 bytes..."
"2"," [47%] Downloaded 10043392 bytes..."
"2"," [48%] Downloaded 10059776 bytes..."
"2"," [48%] Downloaded 10076160 bytes..."
"2"," [48%] Downloaded 10092544 bytes..."
"2"," [48%] Downloaded 10108928 bytes..."
"2"," [48%] Downloaded 10125312 bytes..."
"2"," [48%] Downloaded 10141696 bytes..."
"2"," [48%] Downloaded 10158080 bytes..."
"2"," [48%] Downloaded 10174464 bytes..."
"2"," [48%] Downloaded 10190848 bytes..."
"2"," [48%] Downloaded 10207232 bytes..."
"2"," [48%] Downloaded 10223616 bytes..."
"2"," [48%] Downloaded 10240000 bytes..."
"2"," [49%] Downloaded 10256384 bytes..."
"2"," [49%] Downloaded 10272768 bytes..."
"2"," [49%] Downloaded 10289152 bytes..."
"2"," [49%] Downloaded 10305536 bytes..."
"2"," [49%] Downloaded 10321920 bytes..."
"2"," [49%] Downloaded 10338304 bytes..."
"2"," [49%] Downloaded 10354688 bytes..."
"2"," [49%] Downloaded 10371072 bytes..."
"2"," [49%] Downloaded 10387456 bytes..."
"2"," [49%] Downloaded 10403840 bytes..."
"2"," [49%] Downloaded 10420224 bytes..."
"2"," [49%] Downloaded 10436608 bytes..."
"2"," [49%] Downloaded 10452992 bytes..."
"2"," [50%] Downloaded 10469376 bytes..."
"2"," [50%] Downloaded 10485760 bytes..."
"2"," [50%] Downloaded 10502144 bytes..."
"2"," [50%] Downloaded 10518528 bytes..."
"2"," [50%] Downloaded 10534912 bytes..."
"2"," [50%] Downloaded 10551296 bytes..."
"2"," [50%] Downloaded 10567680 bytes..."
"2"," [50%] Downloaded 10584064 bytes..."
"2"," [50%] Downloaded 10600448 bytes..."
"2"," [50%] Downloaded 10616832 bytes..."
"2"," [50%] Downloaded 10633216 bytes..."
"2"," [50%] Downloaded 10649600 bytes..."
"2"," [50%] Downloaded 10665984 bytes..."
"2"," [51%] Downloaded 10682368 bytes..."
"2"," [51%] Downloaded 10698752 bytes..."
"2"," [51%] Downloaded 10715136 bytes..."
"2"," [51%] Downloaded 10731520 bytes..."
"2"," [51%] Downloaded 10747904 bytes..."
"2"," [51%] Downloaded 10764288 bytes..."
"2"," [51%] Downloaded 10780672 bytes..."
"2"," [51%] Downloaded 10797056 bytes..."
"2"," [51%] Downloaded 10813440 bytes..."
"2"," [51%] Downloaded 10829824 bytes..."
"2"," [51%] Downloaded 10846208 bytes..."
"2"," [51%] Downloaded 10862592 bytes..."
"2"," [51%] Downloaded 10878976 bytes..."
"2"," [52%] Downloaded 10895360 bytes..."
"2"," [52%] Downloaded 10911744 bytes..."
"2"," [52%] Downloaded 10928128 bytes..."
"2"," [52%] Downloaded 10944512 bytes..."
"2"," [52%] Downloaded 10960896 bytes..."
"2"," [52%] Downloaded 10977280 bytes..."
"2"," [52%] Downloaded 10993664 bytes..."
"2"," [52%] Downloaded 11010048 bytes..."
"2"," [52%] Downloaded 11026432 bytes..."
"2"," [52%] Downloaded 11042816 bytes..."
"2"," [52%] Downloaded 11059200 bytes..."
"2"," [52%] Downloaded 11075584 bytes..."
"2"," [52%] Downloaded 11091968 bytes..."
"2"," [53%] Downloaded 11108352 bytes..."
"2"," [53%] Downloaded 11124736 bytes..."
"2"," [53%] Downloaded 11141120 bytes..."
"2"," [53%] Downloaded 11157504 bytes..."
"2"," [53%] Downloaded 11173888 bytes..."
"2"," [53%] Downloaded 11190272 bytes..."
"2"," [53%] Downloaded 11206656 bytes..."
"2"," [53%] Downloaded 11223040 bytes..."
"2"," [53%] Downloaded 11239424 bytes..."
"2"," [53%] Downloaded 11255808 bytes..."
"2"," [53%] Downloaded 11272192 bytes..."
"2"," [53%] Downloaded 11288576 bytes..."
"2"," [54%] Downloaded 11304960 bytes..."
"2"," [54%] Downloaded 11321344 bytes..."
"2"," [54%] Downloaded 11337728 bytes..."
"2"," [54%] Downloaded 11354112 bytes..."
"2"," [54%] Downloaded 11370496 bytes..."
"2"," [54%] Downloaded 11386880 bytes..."
"2"," [54%] Downloaded 11403264 bytes..."
"2"," [54%] Downloaded 11419648 bytes..."
"2"," [54%] Downloaded 11436032 bytes..."
"2"," [54%] Downloaded 11452416 bytes..."
"2"," [54%] Downloaded 11468800 bytes..."
"2"," [54%] Downloaded 11485184 bytes..."
"2"," [54%] Downloaded 11501568 bytes..."
"2"," [55%] Downloaded 11517952 bytes..."
"2"," [55%] Downloaded 11534336 bytes..."
"2"," [55%] Downloaded 11550720 bytes..."
"2"," [55%] Downloaded 11567104 bytes..."
"2"," [55%] Downloaded 11583488 bytes..."
"2"," [55%] Downloaded 11599872 bytes..."
"2"," [55%] Downloaded 11616256 bytes..."
"2"," [55%] Downloaded 11632640 bytes..."
"2"," [55%] Downloaded 11649024 bytes..."
"2"," [55%] Downloaded 11665408 bytes..."
"2"," [55%] Downloaded 11681792 bytes..."
"2"," [55%] Downloaded 11698176 bytes..."
"2"," [55%] Downloaded 11714560 bytes..."
"2"," [56%] Downloaded 11730944 bytes..."
"2"," [56%] Downloaded 11747328 bytes..."
"2"," [56%] Downloaded 11763712 bytes..."
"2"," [56%] Downloaded 11780096 bytes..."
"2"," [56%] Downloaded 11796480 bytes..."
"2"," [56%] Downloaded 11812864 bytes..."
"2"," [56%] Downloaded 11829248 bytes..."
"2"," [56%] Downloaded 11845632 bytes..."
"2"," [56%] Downloaded 11862016 bytes..."
"2"," [56%] Downloaded 11878400 bytes..."
"2"," [56%] Downloaded 11894784 bytes..."
"2"," [56%] Downloaded 11911168 bytes..."
"2"," [56%] Downloaded 11927552 bytes..."
"2"," [57%] Downloaded 11943936 bytes..."
"2"," [57%] Downloaded 11960320 bytes..."
"2"," [57%] Downloaded 11976704 bytes..."
"2"," [57%] Downloaded 11993088 bytes..."
"2"," [57%] Downloaded 12009472 bytes..."
"2"," [57%] Downloaded 12025856 bytes..."
"2"," [57%] Downloaded 12042240 bytes..."
"2"," [57%] Downloaded 12058624 bytes..."
"2"," [57%] Downloaded 12075008 bytes..."
"2"," [57%] Downloaded 12091392 bytes..."
"2"," [57%] Downloaded 12107776 bytes..."
"2"," [57%] Downloaded 12124160 bytes..."
"2"," [58%] Downloaded 12140544 bytes..."
"2"," [58%] Downloaded 12156928 bytes..."
"2"," [58%] Downloaded 12173312 bytes..."
"2"," [58%] Downloaded 12189696 bytes..."
"2"," [58%] Downloaded 12206080 bytes..."
"2"," [58%] Downloaded 12222464 bytes..."
"2"," [58%] Downloaded 12238848 bytes..."
"2"," [58%] Downloaded 12255232 bytes..."
"2"," [58%] Downloaded 12271616 bytes..."
"2"," [58%] Downloaded 12288000 bytes..."
"2"," [58%] Downloaded 12304384 bytes..."
"2"," [58%] Downloaded 12320768 bytes..."
"2"," [58%] Downloaded 12337152 bytes..."
"2"," [59%] Downloaded 12353536 bytes..."
"2"," [59%] Downloaded 12369920 bytes..."
"2"," [59%] Downloaded 12386304 bytes..."
"2"," [59%] Downloaded 12402688 bytes..."
"2"," [59%] Downloaded 12419072 bytes..."
"2"," [59%] Downloaded 12435456 bytes..."
"2"," [59%] Downloaded 12451840 bytes..."
"2"," [59%] Downloaded 12468224 bytes..."
"2"," [59%] Downloaded 12484608 bytes..."
"2"," [59%] Downloaded 12500992 bytes..."
"2"," [59%] Downloaded 12517376 bytes..."
"2"," [59%] Downloaded 12533760 bytes..."
"2"," [59%] Downloaded 12550144 bytes..."
"2"," [60%] Downloaded 12566528 bytes..."
"2"," [60%] Downloaded 12582912 bytes..."
"2"," [60%] Downloaded 12599296 bytes..."
"2"," [60%] Downloaded 12615680 bytes..."
"2"," [60%] Downloaded 12632064 bytes..."
"2"," [60%] Downloaded 12648448 bytes..."
"2"," [60%] Downloaded 12664832 bytes..."
"2"," [60%] Downloaded 12681216 bytes..."
"2"," [60%] Downloaded 12697600 bytes..."
"2"," [60%] Downloaded 12713984 bytes..."
"2"," [60%] Downloaded 12730368 bytes..."
"2"," [60%] Downloaded 12746752 bytes..."
"2"," [60%] Downloaded 12763136 bytes..."
"2"," [61%] Downloaded 12779520 bytes..."
"2"," [61%] Downloaded 12795904 bytes..."
"2"," [61%] Downloaded 12812288 bytes..."
"2"," [61%] Downloaded 12828672 bytes..."
"2"," [61%] Downloaded 12845056 bytes..."
"2"," [61%] Downloaded 12861440 bytes..."
"2"," [61%] Downloaded 12877824 bytes..."
"2"," [61%] Downloaded 12894208 bytes..."
"2"," [61%] Downloaded 12910592 bytes..."
"2"," [61%] Downloaded 12926976 bytes..."
"2"," [61%] Downloaded 12943360 bytes..."
"2"," [61%] Downloaded 12959744 bytes..."
"2"," [61%] Downloaded 12976128 bytes..."
"2"," [62%] Downloaded 12992512 bytes..."
"2"," [62%] Downloaded 13008896 bytes..."
"2"," [62%] Downloaded 13025280 bytes..."
"2"," [62%] Downloaded 13041664 bytes..."
"2"," [62%] Downloaded 13058048 bytes..."
"2"," [62%] Downloaded 13074432 bytes..."
"2"," [62%] Downloaded 13090816 bytes..."
"2"," [62%] Downloaded 13107200 bytes..."
"2"," [62%] Downloaded 13123584 bytes..."
"2"," [62%] Downloaded 13139968 bytes..."
"2"," [62%] Downloaded 13156352 bytes..."
"2"," [62%] Downloaded 13172736 bytes..."
"2"," [63%] Downloaded 13189120 bytes..."
"2"," [63%] Downloaded 13205504 bytes..."
"2"," [63%] Downloaded 13221888 bytes..."
"2"," [63%] Downloaded 13238272 bytes..."
"2"," [63%] Downloaded 13254656 bytes..."
"2"," [63%] Downloaded 13271040 bytes..."
"2"," [63%] Downloaded 13287424 bytes..."
"2"," [63%] Downloaded 13303808 bytes..."
"2"," [63%] Downloaded 13320192 bytes..."
"2"," [63%] Downloaded 13336576 bytes..."
"2"," [63%] Downloaded 13352960 bytes..."
"2"," [63%] Downloaded 13369344 bytes..."
"2"," [63%] Downloaded 13385728 bytes..."
"2"," [64%] Downloaded 13402112 bytes..."
"2"," [64%] Downloaded 13418496 bytes..."
"2"," [64%] Downloaded 13434880 bytes..."
"2"," [64%] Downloaded 13451264 bytes..."
"2"," [64%] Downloaded 13467648 bytes..."
"2"," [64%] Downloaded 13484032 bytes..."
"2"," [64%] Downloaded 13500416 bytes..."
"2"," [64%] Downloaded 13516800 bytes..."
"2"," [64%] Downloaded 13533184 bytes..."
"2"," [64%] Downloaded 13549568 bytes..."
"2"," [64%] Downloaded 13565952 bytes..."
"2"," [64%] Downloaded 13582336 bytes..."
"2"," [64%] Downloaded 13598720 bytes..."
"2"," [65%] Downloaded 13615104 bytes..."
"2"," [65%] Downloaded 13631488 bytes..."
"2"," [65%] Downloaded 13647872 bytes..."
"2"," [65%] Downloaded 13664256 bytes..."
"2"," [65%] Downloaded 13680640 bytes..."
"2"," [65%] Downloaded 13697024 bytes..."
"2"," [65%] Downloaded 13713408 bytes..."
"2"," [65%] Downloaded 13729792 bytes..."
"2"," [65%] Downloaded 13746176 bytes..."
"2"," [65%] Downloaded 13762560 bytes..."
"2"," [65%] Downloaded 13778944 bytes..."
"2"," [65%] Downloaded 13795328 bytes..."
"2"," [65%] Downloaded 13811712 bytes..."
"2"," [66%] Downloaded 13828096 bytes..."
"2"," [66%] Downloaded 13844480 bytes..."
"2"," [66%] Downloaded 13860864 bytes..."
"2"," [66%] Downloaded 13877248 bytes..."
"2"," [66%] Downloaded 13893632 bytes..."
"2"," [66%] Downloaded 13910016 bytes..."
"2"," [66%] Downloaded 13926400 bytes..."
"2"," [66%] Downloaded 13942784 bytes..."
"2"," [66%] Downloaded 13959168 bytes..."
"2"," [66%] Downloaded 13975552 bytes..."
"2"," [66%] Downloaded 13991936 bytes..."
"2"," [66%] Downloaded 14008320 bytes..."
"2"," [67%] Downloaded 14024704 bytes..."
"2"," [67%] Downloaded 14041088 bytes..."
"2"," [67%] Downloaded 14057472 bytes..."
"2"," [67%] Downloaded 14073856 bytes..."
"2"," [67%] Downloaded 14090240 bytes..."
"2"," [67%] Downloaded 14106624 bytes..."
"2"," [67%] Downloaded 14123008 bytes..."
"2"," [67%] Downloaded 14139392 bytes..."
"2"," [67%] Downloaded 14155776 bytes..."
"2"," [67%] Downloaded 14172160 bytes..."
"2"," [67%] Downloaded 14188544 bytes..."
"2"," [67%] Downloaded 14204928 bytes..."
"2"," [67%] Downloaded 14221312 bytes..."
"2"," [68%] Downloaded 14237696 bytes..."
"2"," [68%] Downloaded 14254080 bytes..."
"2"," [68%] Downloaded 14270464 bytes..."
"2"," [68%] Downloaded 14286848 bytes..."
"2"," [68%] Downloaded 14303232 bytes..."
"2"," [68%] Downloaded 14319616 bytes..."
"2"," [68%] Downloaded 14336000 bytes..."
"2"," [68%] Downloaded 14352384 bytes..."
"2"," [68%] Downloaded 14368768 bytes..."
"2"," [68%] Downloaded 14385152 bytes..."
"2"," [68%] Downloaded 14401536 bytes..."
"2"," [68%] Downloaded 14417920 bytes..."
"2"," [68%] Downloaded 14434304 bytes..."
"2"," [69%] Downloaded 14450688 bytes..."
"2"," [69%] Downloaded 14467072 bytes..."
"2"," [69%] Downloaded 14483456 bytes..."
"2"," [69%] Downloaded 14499840 bytes..."
"2"," [69%] Downloaded 14516224 bytes..."
"2"," [69%] Downloaded 14532608 bytes..."
"2"," [69%] Downloaded 14548992 bytes..."
"2"," [69%] Downloaded 14565376 bytes..."
"2"," [69%] Downloaded 14581760 bytes..."
"2"," [69%] Downloaded 14598144 bytes..."
"2"," [69%] Downloaded 14614528 bytes..."
"2"," [69%] Downloaded 14630912 bytes..."
"2"," [69%] Downloaded 14647296 bytes..."
"2"," [70%] Downloaded 14663680 bytes..."
"2"," [70%] Downloaded 14680064 bytes..."
"2"," [70%] Downloaded 14696448 bytes..."
"2"," [70%] Downloaded 14712832 bytes..."
"2"," [70%] Downloaded 14729216 bytes..."
"2"," [70%] Downloaded 14745600 bytes..."
"2"," [70%] Downloaded 14761984 bytes..."
"2"," [70%] Downloaded 14778368 bytes..."
"2"," [70%] Downloaded 14794752 bytes..."
"2"," [70%] Downloaded 14811136 bytes..."
"2"," [70%] Downloaded 14827520 bytes..."
"2"," [70%] Downloaded 14843904 bytes..."
"2"," [71%] Downloaded 14860288 bytes..."
"2"," [71%] Downloaded 14876672 bytes..."
"2"," [71%] Downloaded 14893056 bytes..."
"2"," [71%] Downloaded 14909440 bytes..."
"2"," [71%] Downloaded 14925824 bytes..."
"2"," [71%] Downloaded 14942208 bytes..."
"2"," [71%] Downloaded 14958592 bytes..."
"2"," [71%] Downloaded 14974976 bytes..."
"2"," [71%] Downloaded 14991360 bytes..."
"2"," [71%] Downloaded 15007744 bytes..."
"2"," [71%] Downloaded 15024128 bytes..."
"2"," [71%] Downloaded 15040512 bytes..."
"2"," [71%] Downloaded 15056896 bytes..."
"2"," [72%] Downloaded 15073280 bytes..."
"2"," [72%] Downloaded 15089664 bytes..."
"2"," [72%] Downloaded 15106048 bytes..."
"2"," [72%] Downloaded 15122432 bytes..."
"2"," [72%] Downloaded 15138816 bytes..."
"2"," [72%] Downloaded 15155200 bytes..."
"2"," [72%] Downloaded 15171584 bytes..."
"2"," [72%] Downloaded 15187968 bytes..."
"2"," [72%] Downloaded 15204352 bytes..."
"2"," [72%] Downloaded 15220736 bytes..."
"2"," [72%] Downloaded 15237120 bytes..."
"2"," [72%] Downloaded 15253504 bytes..."
"2"," [72%] Downloaded 15269888 bytes..."
"2"," [73%] Downloaded 15286272 bytes..."
"2"," [73%] Downloaded 15302656 bytes..."
"2"," [73%] Downloaded 15319040 bytes..."
"2"," [73%] Downloaded 15335424 bytes..."
"2"," [73%] Downloaded 15351808 bytes..."
"2"," [73%] Downloaded 15368192 bytes..."
"2"," [73%] Downloaded 15384576 bytes..."
"2"," [73%] Downloaded 15400960 bytes..."
"2"," [73%] Downloaded 15417344 bytes..."
"2"," [73%] Downloaded 15433728 bytes..."
"2"," [73%] Downloaded 15450112 bytes..."
"2"," [73%] Downloaded 15466496 bytes..."
"2"," [73%] Downloaded 15482880 bytes..."
"2"," [74%] Downloaded 15499264 bytes..."
"2"," [74%] Downloaded 15515648 bytes..."
"2"," [74%] Downloaded 15532032 bytes..."
"2"," [74%] Downloaded 15548416 bytes..."
"2"," [74%] Downloaded 15564800 bytes..."
"2"," [74%] Downloaded 15581184 bytes..."
"2"," [74%] Downloaded 15597568 bytes..."
"2"," [74%] Downloaded 15613952 bytes..."
"2"," [74%] Downloaded 15630336 bytes..."
"2"," [74%] Downloaded 15646720 bytes..."
"2"," [74%] Downloaded 15663104 bytes..."
"2"," [74%] Downloaded 15679488 bytes..."
"2"," [74%] Downloaded 15695872 bytes..."
"2"," [75%] Downloaded 15712256 bytes..."
"2"," [75%] Downloaded 15728640 bytes..."
"2"," [75%] Downloaded 15745024 bytes..."
"2"," [75%] Downloaded 15761408 bytes..."
"2"," [75%] Downloaded 15777792 bytes..."
"2"," [75%] Downloaded 15794176 bytes..."
"2"," [75%] Downloaded 15810560 bytes..."
"2"," [75%] Downloaded 15826944 bytes..."
"2"," [75%] Downloaded 15843328 bytes..."
"2"," [75%] Downloaded 15859712 bytes..."
"2"," [75%] Downloaded 15876096 bytes..."
"2"," [75%] Downloaded 15892480 bytes..."
"2"," [76%] Downloaded 15908864 bytes..."
"2"," [76%] Downloaded 15925248 bytes..."
"2"," [76%] Downloaded 15941632 bytes..."
"2"," [76%] Downloaded 15958016 bytes..."
"2"," [76%] Downloaded 15974400 bytes..."
"2"," [76%] Downloaded 15990784 bytes..."
"2"," [76%] Downloaded 16007168 bytes..."
"2"," [76%] Downloaded 16023552 bytes..."
"2"," [76%] Downloaded 16039936 bytes..."
"2"," [76%] Downloaded 16056320 bytes..."
"2"," [76%] Downloaded 16072704 bytes..."
"2"," [76%] Downloaded 16089088 bytes..."
"2"," [76%] Downloaded 16105472 bytes..."
"2"," [77%] Downloaded 16121856 bytes..."
"2"," [77%] Downloaded 16138240 bytes..."
"2"," [77%] Downloaded 16154624 bytes..."
"2"," [77%] Downloaded 16171008 bytes..."
"2"," [77%] Downloaded 16187392 bytes..."
"2"," [77%] Downloaded 16203776 bytes..."
"2"," [77%] Downloaded 16220160 bytes..."
"2"," [77%] Downloaded 16236544 bytes..."
"2"," [77%] Downloaded 16252928 bytes..."
"2"," [77%] Downloaded 16269312 bytes..."
"2"," [77%] Downloaded 16285696 bytes..."
"2"," [77%] Downloaded 16302080 bytes..."
"2"," [77%] Downloaded 16318464 bytes..."
"2"," [78%] Downloaded 16334848 bytes..."
"2"," [78%] Downloaded 16351232 bytes..."
"2"," [78%] Downloaded 16367616 bytes..."
"2"," [78%] Downloaded 16384000 bytes..."
"2"," [78%] Downloaded 16400384 bytes..."
"2"," [78%] Downloaded 16416768 bytes..."
"2"," [78%] Downloaded 16433152 bytes..."
"2"," [78%] Downloaded 16449536 bytes..."
"2"," [78%] Downloaded 16465920 bytes..."
"2"," [78%] Downloaded 16482304 bytes..."
"2"," [78%] Downloaded 16498688 bytes..."
"2"," [78%] Downloaded 16515072 bytes..."
"2"," [78%] Downloaded 16531456 bytes..."
"2"," [79%] Downloaded 16547840 bytes..."
"2"," [79%] Downloaded 16564224 bytes..."
"2"," [79%] Downloaded 16580608 bytes..."
"2"," [79%] Downloaded 16596992 bytes..."
"2"," [79%] Downloaded 16613376 bytes..."
"2"," [79%] Downloaded 16629760 bytes..."
"2"," [79%] Downloaded 16646144 bytes..."
"2"," [79%] Downloaded 16662528 bytes..."
"2"," [79%] Downloaded 16678912 bytes..."
"2"," [79%] Downloaded 16695296 bytes..."
"2"," [79%] Downloaded 16711680 bytes..."
"2"," [79%] Downloaded 16728064 bytes..."
"2"," [80%] Downloaded 16744448 bytes..."
"2"," [80%] Downloaded 16760832 bytes..."
"2"," [80%] Downloaded 16777216 bytes..."
"2"," [80%] Downloaded 16793600 bytes..."
"2"," [80%] Downloaded 16809984 bytes..."
"2"," [80%] Downloaded 16826368 bytes..."
"2"," [80%] Downloaded 16842752 bytes..."
"2"," [80%] Downloaded 16859136 bytes..."
"2"," [80%] Downloaded 16875520 bytes..."
"2"," [80%] Downloaded 16891904 bytes..."
"2"," [80%] Downloaded 16908288 bytes..."
"2"," [80%] Downloaded 16924672 bytes..."
"2"," [80%] Downloaded 16941056 bytes..."
"2"," [81%] Downloaded 16957440 bytes..."
"2"," [81%] Downloaded 16973824 bytes..."
"2"," [81%] Downloaded 16990208 bytes..."
"2"," [81%] Downloaded 17006592 bytes..."
"2"," [81%] Downloaded 17022976 bytes..."
"2"," [81%] Downloaded 17039360 bytes..."
"2"," [81%] Downloaded 17055744 bytes..."
"2"," [81%] Downloaded 17072128 bytes..."
"2"," [81%] Downloaded 17088512 bytes..."
"2"," [81%] Downloaded 17104896 bytes..."
"2"," [81%] Downloaded 17121280 bytes..."
"2"," [81%] Downloaded 17137664 bytes..."
"2"," [81%] Downloaded 17154048 bytes..."
"2"," [82%] Downloaded 17170432 bytes..."
"2"," [82%] Downloaded 17186816 bytes..."
"2"," [82%] Downloaded 17203200 bytes..."
"2"," [82%] Downloaded 17219584 bytes..."
"2"," [82%] Downloaded 17235968 bytes..."
"2"," [82%] Downloaded 17252352 bytes..."
"2"," [82%] Downloaded 17268736 bytes..."
"2"," [82%] Downloaded 17285120 bytes..."
"2"," [82%] Downloaded 17301504 bytes..."
"2"," [82%] Downloaded 17317888 bytes..."
"2"," [82%] Downloaded 17334272 bytes..."
"2"," [82%] Downloaded 17350656 bytes..."
"2"," [82%] Downloaded 17367040 bytes..."
"2"," [83%] Downloaded 17383424 bytes..."
"2"," [83%] Downloaded 17399808 bytes..."
"2"," [83%] Downloaded 17416192 bytes..."
"2"," [83%] Downloaded 17432576 bytes..."
"2"," [83%] Downloaded 17448960 bytes..."
"2"," [83%] Downloaded 17465344 bytes..."
"2"," [83%] Downloaded 17481728 bytes..."
"2"," [83%] Downloaded 17498112 bytes..."
"2"," [83%] Downloaded 17514496 bytes..."
"2"," [83%] Downloaded 17530880 bytes..."
"2"," [83%] Downloaded 17547264 bytes..."
"2"," [83%] Downloaded 17563648 bytes..."
"2"," [83%] Downloaded 17580032 bytes..."
"2"," [84%] Downloaded 17596416 bytes..."
"2"," [84%] Downloaded 17612800 bytes..."
"2"," [84%] Downloaded 17629184 bytes..."
"2"," [84%] Downloaded 17645568 bytes..."
"2"," [84%] Downloaded 17661952 bytes..."
"2"," [84%] Downloaded 17678336 bytes..."
"2"," [84%] Downloaded 17694720 bytes..."
"2"," [84%] Downloaded 17711104 bytes..."
"2"," [84%] Downloaded 17727488 bytes..."
"2"," [84%] Downloaded 17743872 bytes..."
"2"," [84%] Downloaded 17760256 bytes..."
"2"," [84%] Downloaded 17776640 bytes..."
"2"," [85%] Downloaded 17793024 bytes..."
"2"," [85%] Downloaded 17809408 bytes..."
"2"," [85%] Downloaded 17825792 bytes..."
"2"," [85%] Downloaded 17842176 bytes..."
"2"," [85%] Downloaded 17858560 bytes..."
"2"," [85%] Downloaded 17874944 bytes..."
"2"," [85%] Downloaded 17891328 bytes..."
"2"," [85%] Downloaded 17907712 bytes..."
"2"," [85%] Downloaded 17924096 bytes..."
"2"," [85%] Downloaded 17940480 bytes..."
"2"," [85%] Downloaded 17956864 bytes..."
"2"," [85%] Downloaded 17973248 bytes..."
"2"," [85%] Downloaded 17989632 bytes..."
"2"," [86%] Downloaded 18006016 bytes..."
"2"," [86%] Downloaded 18022400 bytes..."
"2"," [86%] Downloaded 18038784 bytes..."
"2"," [86%] Downloaded 18055168 bytes..."
"2"," [86%] Downloaded 18071552 bytes..."
"2"," [86%] Downloaded 18087936 bytes..."
"2"," [86%] Downloaded 18104320 bytes..."
"2"," [86%] Downloaded 18120704 bytes..."
"2"," [86%] Downloaded 18137088 bytes..."
"2"," [86%] Downloaded 18153472 bytes..."
"2"," [86%] Downloaded 18169856 bytes..."
"2"," [86%] Downloaded 18186240 bytes..."
"2"," [86%] Downloaded 18202624 bytes..."
"2"," [87%] Downloaded 18219008 bytes..."
"2"," [87%] Downloaded 18235392 bytes..."
"2"," [87%] Downloaded 18251776 bytes..."
"2"," [87%] Downloaded 18268160 bytes..."
"2"," [87%] Downloaded 18284544 bytes..."
"2"," [87%] Downloaded 18300928 bytes..."
"2"," [87%] Downloaded 18317312 bytes..."
"2"," [87%] Downloaded 18333696 bytes..."
"2"," [87%] Downloaded 18350080 bytes..."
"2"," [87%] Downloaded 18366464 bytes..."
"2"," [87%] Downloaded 18382848 bytes..."
"2"," [87%] Downloaded 18399232 bytes..."
"2"," [87%] Downloaded 18415616 bytes..."
"2"," [88%] Downloaded 18432000 bytes..."
"2"," [88%] Downloaded 18448384 bytes..."
"2"," [88%] Downloaded 18464768 bytes..."
"2"," [88%] Downloaded 18481152 bytes..."
"2"," [88%] Downloaded 18497536 bytes..."
"2"," [88%] Downloaded 18513920 bytes..."
"2"," [88%] Downloaded 18530304 bytes..."
"2"," [88%] Downloaded 18546688 bytes..."
"2"," [88%] Downloaded 18563072 bytes..."
"2"," [88%] Downloaded 18579456 bytes..."
"2"," [88%] Downloaded 18595840 bytes..."
"2"," [88%] Downloaded 18612224 bytes..."
"2"," [89%] Downloaded 18628608 bytes..."
"2"," [89%] Downloaded 18644992 bytes..."
"2"," [89%] Downloaded 18661376 bytes..."
"2"," [89%] Downloaded 18677760 bytes..."
"2"," [89%] Downloaded 18694144 bytes..."
"2"," [89%] Downloaded 18710528 bytes..."
"2"," [89%] Downloaded 18726912 bytes..."
"2"," [89%] Downloaded 18743296 bytes..."
"2"," [89%] Downloaded 18759680 bytes..."
"2"," [89%] Downloaded 18776064 bytes..."
"2"," [89%] Downloaded 18792448 bytes..."
"2"," [89%] Downloaded 18808832 bytes..."
"2"," [89%] Downloaded 18825216 bytes..."
"2"," [90%] Downloaded 18841600 bytes..."
"2"," [90%] Downloaded 18857984 bytes..."
"2"," [90%] Downloaded 18874368 bytes..."
"2"," [90%] Downloaded 18890752 bytes..."
"2"," [90%] Downloaded 18907136 bytes..."
"2"," [90%] Downloaded 18923520 bytes..."
"2"," [90%] Downloaded 18939904 bytes..."
"2"," [90%] Downloaded 18956288 bytes..."
"2"," [90%] Downloaded 18972672 bytes..."
"2"," [90%] Downloaded 18989056 bytes..."
"2"," [90%] Downloaded 19005440 bytes..."
"2"," [90%] Downloaded 19021824 bytes..."
"2"," [90%] Downloaded 19038208 bytes..."
"2"," [91%] Downloaded 19054592 bytes..."
"2"," [91%] Downloaded 19070976 bytes..."
"2"," [91%] Downloaded 19087360 bytes..."
"2"," [91%] Downloaded 19103744 bytes..."
"2"," [91%] Downloaded 19120128 bytes..."
"2"," [91%] Downloaded 19136512 bytes..."
"2"," [91%] Downloaded 19152896 bytes..."
"2"," [91%] Downloaded 19169280 bytes..."
"2"," [91%] Downloaded 19185664 bytes..."
"2"," [91%] Downloaded 19202048 bytes..."
"2"," [91%] Downloaded 19218432 bytes..."
"2"," [91%] Downloaded 19234816 bytes..."
"2"," [91%] Downloaded 19251200 bytes..."
"2"," [92%] Downloaded 19267584 bytes..."
"2"," [92%] Downloaded 19283968 bytes..."
"2"," [92%] Downloaded 19300352 bytes..."
"2"," [92%] Downloaded 19316736 bytes..."
"2"," [92%] Downloaded 19333120 bytes..."
"2"," [92%] Downloaded 19349504 bytes..."
"2"," [92%] Downloaded 19365888 bytes..."
"2"," [92%] Downloaded 19382272 bytes..."
"2"," [92%] Downloaded 19398656 bytes..."
"2"," [92%] Downloaded 19415040 bytes..."
"2"," [92%] Downloaded 19431424 bytes..."
"2"," [92%] Downloaded 19447808 bytes..."
"2"," [92%] Downloaded 19464192 bytes..."
"2"," [93%] Downloaded 19480576 bytes..."
"2"," [93%] Downloaded 19496960 bytes..."
"2"," [93%] Downloaded 19513344 bytes..."
"2"," [93%] Downloaded 19529728 bytes..."
"2"," [93%] Downloaded 19546112 bytes..."
"2"," [93%] Downloaded 19562496 bytes..."
"2"," [93%] Downloaded 19578880 bytes..."
"2"," [93%] Downloaded 19595264 bytes..."
"2"," [93%] Downloaded 19611648 bytes..."
"2"," [93%] Downloaded 19628032 bytes..."
"2"," [93%] Downloaded 19644416 bytes..."
"2"," [93%] Downloaded 19660800 bytes..."
"2"," [94%] Downloaded 19677184 bytes..."
"2"," [94%] Downloaded 19693568 bytes..."
"2"," [94%] Downloaded 19709952 bytes..."
"2"," [94%] Downloaded 19726336 bytes..."
"2"," [94%] Downloaded 19742720 bytes..."
"2"," [94%] Downloaded 19759104 bytes..."
"2"," [94%] Downloaded 19775488 bytes..."
"2"," [94%] Downloaded 19791872 bytes..."
"2"," [94%] Downloaded 19808256 bytes..."
"2"," [94%] Downloaded 19824640 bytes..."
"2"," [94%] Downloaded 19841024 bytes..."
"2"," [94%] Downloaded 19857408 bytes..."
"2"," [94%] Downloaded 19873792 bytes..."
"2"," [95%] Downloaded 19890176 bytes..."
"2"," [95%] Downloaded 19906560 bytes..."
"2"," [95%] Downloaded 19922944 bytes..."
"2"," [95%] Downloaded 19939328 bytes..."
"2"," [95%] Downloaded 19955712 bytes..."
"2"," [95%] Downloaded 19972096 bytes..."
"2"," [95%] Downloaded 19988480 bytes..."
"2"," [95%] Downloaded 20004864 bytes..."
"2"," [95%] Downloaded 20021248 bytes..."
"2"," [95%] Downloaded 20037632 bytes..."
"2"," [95%] Downloaded 20054016 bytes..."
"2"," [95%] Downloaded 20070400 bytes..."
"2"," [95%] Downloaded 20086784 bytes..."
"2"," [96%] Downloaded 20103168 bytes..."
"2"," [96%] Downloaded 20119552 bytes..."
"2"," [96%] Downloaded 20135936 bytes..."
"2"," [96%] Downloaded 20152320 bytes..."
"2"," [96%] Downloaded 20168704 bytes..."
"2"," [96%] Downloaded 20185088 bytes..."
"2"," [96%] Downloaded 20201472 bytes..."
"2"," [96%] Downloaded 20217856 bytes..."
"2"," [96%] Downloaded 20234240 bytes..."
"2"," [96%] Downloaded 20250624 bytes..."
"2"," [96%] Downloaded 20267008 bytes..."
"2"," [96%] Downloaded 20283392 bytes..."
"2"," [96%] Downloaded 20299776 bytes..."
"2"," [97%] Downloaded 20316160 bytes..."
"2"," [97%] Downloaded 20332544 bytes..."
"2"," [97%] Downloaded 20348928 bytes..."
"2"," [97%] Downloaded 20365312 bytes..."
"2"," [97%] Downloaded 20381696 bytes..."
"2"," [97%] Downloaded 20398080 bytes..."
"2"," [97%] Downloaded 20414464 bytes..."
"2"," [97%] Downloaded 20430848 bytes..."
"2"," [97%] Downloaded 20447232 bytes..."
"2"," [97%] Downloaded 20463616 bytes..."
"2"," [97%] Downloaded 20480000 bytes..."
"2"," [97%] Downloaded 20496384 bytes..."
"2"," [98%] Downloaded 20512768 bytes..."
"2"," [98%] Downloaded 20529152 bytes..."
"2"," [98%] Downloaded 20545536 bytes..."
"2"," [98%] Downloaded 20561920 bytes..."
"2"," [98%] Downloaded 20578304 bytes..."
"2"," [98%] Downloaded 20594688 bytes..."
"2"," [98%] Downloaded 20611072 bytes..."
"2"," [98%] Downloaded 20627456 bytes..."
"2"," [98%] Downloaded 20643840 bytes..."
"2"," [98%] Downloaded 20660224 bytes..."
"2"," [98%] Downloaded 20676608 bytes..."
"2"," [98%] Downloaded 20692992 bytes..."
"2"," [98%] Downloaded 20709376 bytes..."
"2"," [99%] Downloaded 20725760 bytes..."
"2"," [99%] Downloaded 20742144 bytes..."
"2"," [99%] Downloaded 20758528 bytes..."
"2"," [99%] Downloaded 20774912 bytes..."
"2"," [99%] Downloaded 20791296 bytes..."
"2"," [99%] Downloaded 20807680 bytes..."
"2"," [99%] Downloaded 20824064 bytes..."
"2"," [99%] Downloaded 20840448 bytes..."
"2"," [99%] Downloaded 20856832 bytes..."
"2"," [99%] Downloaded 20873216 bytes..."
"2"," [99%] Downloaded 20889600 bytes..."
"2"," [99%] Downloaded 20905984 bytes..."
"2"," [99%] Downloaded 20922368 bytes..."
"2"," [100%] Downloaded 20929508 bytes..."
"2","
"
"2",""
"2","[===================================================>-----------------------------------------------------] 2/4 ( 50%)"
"2",""
"2","[==============================================================================>--------------------------] 3/4 ( 75%)"
"2",""
"2","[=========================================================================================================] 4/4 (100%)"
"2","                                                                                                                      "
"2",""
"0","# extract earliest recorded code per individual (eid)"
"0","earliest_dm_record_per_eid <-"
"0","  get_first_diagnostic_code_record(all_diagnostic_codes,"
"0","                                   dm_codes)"
"0",""
"0","# view result"
"0","head(earliest_dm_record_per_eid)"
